No,Question,Idealanswer,Systemanswer,Faithfulness,Relevancy,Rationale
1,How does Caesar first enter the play?,"In a triumphal procession; he has defeated the sons of his deceased rival, Pompey","According to the sources, Julius Caesar first enters the play in Act 2, Scene 2 [SOURCE[3]]. He appears on stage wearing his nightgown, indicating that he is returning home from a meeting or some other evening activity. The stormy weather outside adds to the dramatic atmosphere, as thunder and lightning accompany Caesar's entrance.

Caesar's arrival marks an important moment in the play, as it signals the beginning of his descent into paranoia and eventually, his downfall. His nighttime appearance, coupled with the ominous weather, sets the tone for the rest of the scene, where Brutus and other conspirators gather to discuss their plans to kill Caesar [SOURCE[3]].

In contrast, earlier in Act 2, Scene 1 [SOURCE[4]], we see Brutus receiving a message about Cassius' arrival at the door. This scene takes place before Caesar's entrance, highlighting the tension and foreboding that precedes his appearance on stage.",1,1,"Wrong act/scene, fabricated details, not a ‘triumphal procession.’"
2,What does the Soothsayer say to Caesar?,“Beware the Ides of March”,"According to SOURCE [3], when asked by Portia what he has to say, the Soothsayer warns Caesar that the Senate plans to crown him that day. He advises Caesar not to attend the Senate's meeting, suggesting that if Caesar hides himself, people may whisper that he is afraid.

The Soothsayer also implies that if Caesar appears at the Senate, they might mock his absence by pretending to break up the session until another time when ""Caesar's wife shall meet with better dreams"" [SOURCE 3, lines 102-104]. He concludes by expressing a personal concern for Caesar's well-being and reasons for sharing this information.

It is in this context that the Soothsayer says to Caesar: ""I have, when you have heard what I can say. And know it now: the Senate have concluded / To give this day a crown to mighty Caesar"" [SOURCE 3, lines 93-94].",1,1,Misses clear ‘Beware the Ides...’ Direct quote missing.
3,What does Cassius first ask Brutus?,Why he has been so distant and contemplative lately,"According to SOURCE [2], when Cassius first asks Brutus, he returns from a meeting and says: ""Now, most noble Brutus, / The gods today stand friendly that we may, / Lovers in peace, lead on our days to age."" He then proceeds to ask Brutus what he is determined to do if they lose the battle. Cassius's question to Brutus is: ""What are you then determinèd to do?"" [SOURCE [1]]",2,1,"Asks about Brutus’s resolve, not his mood/distancing; partially aligned."
4,What does Brutus admit to Cassius?,That he fears the people want Caesar to be king,"According to the sources provided, Brutus admits to Cassius that if they lose this battle, it will be the very last time they shall speak together [SOURCE[1], lines 106-107]. This admission suggests a sense of resignation and fatalism on Brutus' part, acknowledging that their friendship may be coming to an end.

In SOURCE[2], Brutus' speech in Caesar's funeral suggests that he is willing to accept the consequences of his actions. He acknowledges Caesar's good qualities, but justifies his assassination by saying that Caesar was ambitious [SOURCE[2], lines 87-103]. This admission implies a sense of moral certainty on Brutus' part, as he believes that he has done what is necessary to save Rome.

In SOURCE[3], Cassius reports to Brutus about the death of Titinius and his own approaching mortality. He does not explicitly ask Brutus for an admission or confession, but the context suggests that Cassius may be seeking some sort of reconciliation or understanding with Brutus before he dies [SOURCE[3], lines 85-116].

In SOURCE[4] and SOURCE[5], there is no direct admission or confession from Brutus to Cassius. However, these scenes do suggest a sense of foreboding and tension between the two characters as they prepare for their final confrontation [SOURCE[4] and SOURCE[5]].

Overall, it can be inferred that Brutus admits to Cassius his willingness to accept the consequences of their actions, both in terms of their friendship and their roles in Caesar's assassination.",1,1,"Misses the ‘fears the people want Caesar king,’ hallucinates."
5,What does Antony offer Caesar in the marketplace?,The crown,"According to the sources provided, Mark Antony offers Caesar's body to the marketplace [SOURCE 1]. Specifically, Antony asks that Caesar's body be placed in the pulpit of the marketplace, where he intends to deliver a eulogy as part of Caesar's funeral proceedings [SOURCE 1]. This gesture is a sign of respect and friendship, as well as an opportunity for Antony to express his feelings about Caesar's death.",1,1,"Misinterprets funeral context, not the crown."
6,"That night, which of the following omens are seen?","Dead men walking, Lions strolling in the marketplace, Lightning","According to the sources, that night, Cassius expresses concern about the ominous signs they have seen [SOURCE[1]]. Later, Brutus reveals that Cassius is no more, stating ""Clouds, dews, and dangers come"" [SOURCE[3]], suggesting that the group has experienced unsettling omens. Additionally, Titinius notes the setting sun, comparing it to Cassius' demise, further reinforcing a sense of foreboding [SOURCE[3]].",1,1,"Omens too vague, actual omens missing."
7,What finally convinces Brutus to join the conspirators?,Forged letters planted by Cassius,"What finally convinces Brutus to join the conspirators is not explicitly stated in the provided sources. However, we can infer that Brutus has been persuaded by Cassius' words, as seen in SOURCE[3]:

""O conspiracy,
Sham'st thou to show thy dang'rous brow by night,
When evils are most free? O, then, by day
Where wilt thou find a cavern dark enough
To mask thy monstrous visage? Seek none,
conspiracy.
Hide it in smiles and affability; 
For if thou path, thy native semblance on,
Not Erebus itself were dim enough
To hide thee from prevention.""

This passage suggests that Brutus has been convinced by Cassius' argument that the conspiracy should be hidden in order to succeed. Additionally, SOURCE[4] implies that Lucilius may have shared information with Brutus about his reception by the conspirators, which could have further swayed him to join.

It is also possible that Brutus was persuaded by the presence of other respected Roman leaders among the conspirators, such as Cassius and Decius. However, without further context or explicit statements from Brutus himself, it is difficult to pinpoint a single factor that convinced him to join the plot against Julius Caesar.

[Sources:
SOURCE[1]: Julius Caesar ACT 5. SC. 5
SOURCE[2]: Julius Caesar ACT 5. SC. 5
SOURCE[3]: Julius Caesar ACT 5. SC. 5
SOURCE[4]: Julius Caesar ACT 5. SC. 3]",1,1,"Hallucinates, ‘forged letters’ not mentioned, poor reasoning."
8,Why does Calpurnia urge Caesar to stay home rather than appear at the Senate?,She has had nightmares about his death,"Based on Calpurnia's speech in Act 2, Scene 2 of Julius Caesar, it can be inferred that she urges Caesar to stay home rather than appear at the Senate because she has had a prophetic dream that foretells his assassination [SOURCE 1]. She believes that her dream is a warning and portent of imminent evil, and she begs Caesar to heed her warnings and stay at home.

Caesar, however, is convinced that he must attend the Senate and is dismissive of Calpurnia's concerns, seeing them as rooted in superstition rather than reason [SOURCE 2]. He believes that his presence at the Senate will only make him appear more formidable and that any perceived weakness or fear on his part would be exploited by those plotting against him.

Calpurnia also argues that if Caesar does not attend the Senate, it would be seen as a sign of cowardice, which could further undermine his position [SOURCE 3]. She suggests that Caesar's absence might lead to rumors and speculation about his supposed fear or reluctance to face his enemies, which could ultimately harm his reputation.

Furthermore, Cassius notes that Caesar has become increasingly superstitious and influenced by augurers' readings, which may affect his decision-making [SOURCE 4]. This highlights the tension between Calpurnia's concerns and Caesar's confidence in his own abilities.

Ultimately, it can be concluded that Calpurnia urges Caesar to stay home because she believes her dream is a genuine warning of impending danger, while Caesar sees her concerns as unfounded and seeks to maintain his reputation and authority.",3,3,"Cites nightmare & dream, full context provided."
9,Why does Caesar ignore Calpurnia's warnings?,Decius convinces him that Calpurnia has interpreted the dream and the omens incorrectly,"According to the sources [SOURCE 1] and [SOURCE 2], Calphurnia warns Caesar not to go forth, citing her fear that he may be harmed or even killed. She tries to persuade him by emphasizing his own wisdom, saying that it is ""consumed in confidence"" [SOURCE 1]. However, Caesar ignores her warnings, responding with a sense of bravado and confidence in his own abilities.

It appears that Caesar's decision to ignore Calphurnia's warnings stems from his overconfidence in himself and his position as the ruler. He believes that he is invulnerable to harm, as evidenced by his response to Calphurnia: ""Danger knows full well / That Caesar is more dangerous than he"" [SOURCE 1]. This arrogance ultimately contributes to his downfall.

In contrast, Cassius, another character in the play, expresses concern about Caesar's potential fall from power. When Brutus asks if Caesar fears the people choosing him as king, Cassius responds, ""Ay, do you fear it? / Then must I think you would not have it so"" [SOURCE 3]. This conversation suggests that even some of Caesar's closest allies and advisors were wary of his growing power and influence.

Overall, Caesar's decision to ignore Calphurnia's warnings is a key moment in the play, highlighting his flaws and ultimately leading to his downfall.",2,2,"Overconfidence mentioned, but Decius’s manipulation missing."
10,What does Artemidorus offer Caesar in the street?,A letter warning him about the conspiracy,"According to SOURCE[4], Artemidorus offers Caesar a chance to ""Look upon Caesar"" as he passes by in the street.",1,1,‘Look upon Caesar’ is not a warning letter.
11,What do the conspirators do at the Senate?,"All of the above (Kneel around Caesar, Stab him to death, Proclaim “Tyranny is dead!”)","According to Sources [2] and [5], the conspirators enter the Senate at the behest of Brutus, who instructs Lucius to let them in. This action takes place after Brutus remarks on the irony that the conspirators are hiding their faces behind cloaks, rather than revealing themselves openly during the day as they would need to hide in secrecy by night [SOURCE 2]. Later, it is revealed that the Senate has decided to grant a crown to Caesar, and Messala sends a message to Brutus to inform him of this development, suggesting that Brutus may not attend the ceremony and thus avoid any potential consequences [SOURCE 4].

The conspirators' entrance into the Senate marks the beginning of their plan to assassinate Julius Caesar. Their actions are motivated by a desire to eliminate Caesar's perceived threat to the Roman Republic.

[Cite: Sources [2] and [5]]",2,2,"Vague, partially matches, missed details on all actions."
12,What does Antony do when he arrives at Caesar's body?,"He weeps over Caesar's body, He shakes hands with the conspirators, and he swears allegiance to Brutus for the moment","When Antony arrives at Caesar's body, he is met with instructions from Brutus and Cassius. Specifically, they inform him that Octavius has already arrived in Rome (SOURCE[1]). They then direct Antony to take Caesar's body and deliver a eulogy, but only if he speaks well of Caesar and does not criticize them (SOURCES [2] and [3]). Antony agrees to these terms, stating ""I do desire no more"" (SOURCE[2]).

After this instruction, Antony asks the crowd to stay behind while he delivers his speech, saying ""Let me depart alone, / And, for my sake, stay here with Antony"" (SOURCE[3]). The crowd complies, and Antony is left alone with Caesar's body before delivering his famous eulogy.",2,2,"Speech aspect OK, but misses the list in ideal answer."
13,"After the assassination of Caesar, which of the conspirators addresses the plebeians first?",Brutus,"According to the sources, Brutus is the first conspirator to address the plebeians after Caesar's assassination.

In [SOURCE 2], Brutus asks for the audience of his fellow conspirators: ""Then follow me and give me audience, friends."" He then proceeds to give a speech about Caesar's death. The plebeians respond with interest, with the First Plebeian expressing a desire to hear Brutus speak: ""I will hear Brutus speak"" [SOURCE 2].

In contrast, Antony does not address the plebeians immediately after Caesar's assassination. Instead, he waits for Brutus to finish speaking before beginning his own oration in honor of Caesar, as seen in [SOURCE 1].",3,3,Brutus accurately cited as first speaker.
14,What is Brutus's explanation for killing Caesar?,Caesar was ambitious,"Brutus's explanation for killing Caesar is that he was ambitious and posed a threat to Rome's freedom. According to Brutus, Caesar's actions were not in the best interest of the Roman people, and his ambition would have led to tyranny and slavery (SOURCE [1], 85-90). Brutus also argues that Caesar's own actions had demonstrated his willingness to disregard the welfare of the poor and common citizens, as seen in his refusal of the kingly crown on the Lupercal (SOURCE [1], 105-110).

In Act 5, Scene 4, Brutus reinforces this explanation by stating that he slew Caesar not because he loved him less, but because he loved Rome more (SOURCE [4], 15-20). He claims that as Caesar was ambitious, he had to be stopped to ensure the freedom and prosperity of Rome.

It is worth noting that Brutus's speech in Act 3, Scene 2, where he explains his actions, is a significant moment in the play. His words are meant to justify his role in Caesar's death and to demonstrate that he acted out of a sense of duty and loyalty to Rome, rather than personal gain or hatred towards Caesar.

References:
SOURCE [1]: Julius Caesar, ACT 3, SC. 2
SOURCE [4]: Julius Caesar, ACT 5, SC. 1",3,3,‘Ambition’ and defense of Rome are explained.
15,What does Antony tell the crowd?,"That Brutus is an honorable man, That Caesar brought riches to Rome and turned down the crown, That Caesar bequeathed all of the citizens a large sum of money","Based on the provided sources, Antony tells the crowd to ""hear"" him. He does not explicitly say anything specific, but rather requests that they listen to what he has to say. The repeated phrase ""Peace, ho! Hear..."" across multiple sources suggests that Antony is trying to gain the attention and silence of the crowd in order to speak.

In SOURCE[1], it states ""Peace, let us hear what Antony can say,"" implying that Antony wants the crowd to quiet down and listen to his words. Similarly, in SOURCE[2] and SOURCE[3], the crowd is instructed to ""stay"" or ""ho"" and then ""hear Antony, most noble Antony!"" This emphasizes Antony's desire for the crowd to pay attention to him.

It's worth noting that SOURCE[4] does not directly relate to what Antony says to the crowd, but rather indicates that someone is suggesting reading Caesar's will. SOURCE[5], on the other hand, appears to be a question from someone else in the crowd, asking if they should give a signal for battle to begin.

Overall, Antony's request for the crowd to ""hear"" him suggests that he intends to speak and share his thoughts with them, likely in response to Caesar's death.",2,2,Misses most specific content; just ‘asks for silence.’
16,What is the crowd's response to Antony's speech?,Rage; they chase the conspirators from the city,"According to the sources, the crowd's response to Antony's speech is one of initial hesitation and skepticism. Initially, they are ordered to ""Peace, let us hear what Antony can say"" (SOURCE[1]) or ""Peace, ho! Hear Antony, most noble Antony!"" (SOURCE[2]), indicating a sense of uncertainty and reluctance to listen.

However, Brutus and Cassius's concerns about Antony's potential influence on the crowd are evident. Brutus suggests that Antony may be able to move the people in ways that would not be beneficial for their cause, stating ""You know how much the people may be moved / By that which he will utter?"" (SOURCE[3]). This concern is further emphasized by Cassius's aside, where he notes that he does not know what may fall and likes it not (SOURCE[3]).

Overall, the crowd's response to Antony's speech can be characterized as initially uncertain and potentially volatile, with Brutus and Cassius expressing concerns about its potential impact on their plans.",2,2,"Focuses on initial uncertainty, ignores actual rage/riot."
17,Who is Octavius?,Caesar's adopted son and appointed heir,"Octavius is a character in William Shakespeare's play ""Julius Caesar"". He appears as one of the triumvirs, along with Mark Antony and Marcus Aemilius Lepidus, who seek to avenge Julius Caesar's assassination.

In SOURCE[1], Octavius is mentioned as having already arrived in Rome, which suggests that he was part of the conspiracy against Caesar. In SOURCE[2], Octavius is present during Caesar's death and later appears on stage with Antony, Messala, Lucilius, and their army. When asked who Octavius is, Anthony replies (SOURCE[2]).

In SOURCE[3], Octavius shows a willingness to use Brutus as a tool to further his own ambitions, suggesting that he sees value in using the noble soldier for his own gain. This attitude is later reinforced when Antony and Octavius agree to ""prick him down"" (SOURCE[4]), indicating their intention to exploit Brutus' military prowess.

Finally, SOURCE[5] reveals that Octavius has fallen victim to Brutus' power, suggesting a reversal of fortunes for the character. Overall, Octavius emerges as a calculating and opportunistic figure who seeks to use others to achieve his own goals in the play.

References:

[1] Act 3, Scene 1

[2] Act 3, Scene 1

[3] Act 5, Scene 1

[4] Act 5, Scene 3

[5] Act 5, Scene 3",2,2,"Cites correct role, but adds errors about conspiracy."
18,Octavius and Antony join together with whom?,Lepidus,"According to the sources, Octavius and Antony join together with Messala, Lucilius, and their army [SOURCE[4]]. This is evident from the lines ""Enter Octavius, Antony, and their army."" which mark the beginning of this scene.",1,1,"Wrong; not Messala/Lucilius, correct is Lepidus."
19,Why do Brutus and Cassius argue?,Brutus asked for money and Cassius withheld it,"Brutus and Cassius argue because of their differing perspectives on the outcome of their rebellion against Julius Caesar and their own fates. In [SOURCE 1], Cassius urges Brutus to reason with him about the worst-case scenario, implying that they may not survive this battle. Brutus is determined to continue fighting, whereas Cassius seems more resigned to defeat and potential death.

In [SOURCE 2], Brutus explicitly states that he will never return to Rome as a captive, indicating his commitment to their rebellion and his willingness to fight to the end. This decision likely contributes to the tension between them, as Cassius may be more concerned about the consequences of failure.

Furthermore, in [SOURCE 3], it is revealed that Octavius has been overthrown by Brutus' power, which may lead Cassius to question their shared goal and his own role in the rebellion. This could also contribute to their disagreement.

In [SOURCE 4], Antony offers his dagger to Brutus, revealing a deep sense of loyalty and sacrifice. However, Brutus dismisses this gesture, suggesting that he is more concerned with maintaining honor than with personal relationships or emotions. Cassius' response, feeling ""yoked"" with a lamb (Brutus) who carries anger like fire, implies frustration and resentment towards Brutus' cold demeanor.

Finally, in [SOURCE 5], it is clear that Brutus has not been swayed by Cassius' words or actions, as he responds to Cassius' suggestion of ""tempting"" him with a simple ""No."" This exchange highlights the emotional distance between the two characters and their fundamentally different approaches to dealing with the consequences of their rebellion.

Overall, the arguments between Brutus and Cassius arise from their conflicting views on the outcome of their rebellion, personal relationships, and individual values.",1,1,"Overfocused on fate/battle, not money."
20,What news do Brutus and Cassius receive from Rome?,"Portia is dead, Many senators are dead, The armies of Antony and Octavius are marching toward Philippi","According to SOURCE[3], Cassius informs a messenger that Rome is in a state of mourning and poses a danger for Octavius, stating ""Here is a mourning Rome, a dangerous Rome, / No Rome of safety for Octavius yet."" This suggests that Cassius has received news from Rome indicating that the city is in turmoil and that Octavius's position is precarious.

SOURCE[1] also provides insight into the news Brutus and Cassius receive from Rome. It seems that Octavius has been overthrown by Brutus' power, while Antony has overthrown Cassius' legions. This implies that the Roman civil war has taken a significant turn, with both Brutus and Cassius experiencing losses in their respective battles.

Overall, it appears that Brutus and Cassius have received news of Octavius's downfall and the chaos that has erupted in Rome as a result.",1,1,"Wrong; they get news of Portia’s death, but this is lost."
21,What appears at Brutus's bedside in camp?,Caesar's ghost,"According to the play excerpts provided, what appears at Brutus's bedside in camp is Portia, his wife [SOURCE[3]]. She kneels beside him, attempting to charm him with her beauty and their vows of love, seeking to know why he is heavy and troubled [SOURCE[3], 295-300].",1,1,"Wrong; Hallucinates Portia, it's Caesar’s ghost."
22,What does Cassius think has happened to his and Brutus's armies?,He believes that they have been defeated by Antony and Octavius,"Based on the provided sources, it appears that Cassius thinks that his and Brutus's armies have suffered significant defeats.

In [SOURCE 1], Cassius suggests to Brutus that if they lose the battle, this may be their last opportunity to speak together. This implies that he believes their armies are in a precarious position and that defeat is possible.

Furthermore, in [SOURCE 4], Cassius expresses regret that Brutus does not have the means to see his own ""hidden worthiness"" or recognize his own strengths. This could be interpreted as Cassius acknowledging that Brutus's army may not be as strong as he believes it to be.

Additionally, in [SOURCE 5], Cassius mentions a ""mourning Rome"" and a ""dangerous Rome,"" suggesting that the city is in chaos and that Octavius does not yet have a safe or secure position. This reinforces the idea that Cassius believes their armies are struggling and that defeat is possible.

Overall, based on these excerpts, it seems that Cassius thinks his and Brutus's armies have suffered significant setbacks and that defeat is a possibility.",2,2,"Notes defeat/chaos, somewhat relevant."
23,What is Cassius's response to this situation?,He has his servant stab him,"According to the sources provided, Cassius's response to this situation is complex and nuanced.

Initially, in SOURCE[1], when Brutus suggests that Cassius should not think about Caesar's love for him, Cassius agrees, implying a sense of resignation or even fatalism towards Caesar's fate.

However, in SOURCE[3], when Brutus proposes marching to Philippi, Cassius disagrees, suggesting that it would be better to let the enemy seek them out, thus avoiding unnecessary risks and conserving their strength. This shows that Cassius is cautious and pragmatic, prioritizing strategy over bold action.

In a later scene, SOURCE[5], Cassius's response to Brutus's criticism is defensive. He denies denying Brutus gold for his legions, implying a sense of hurt and perceived injustice. While this may indicate a degree of sensitivity or even wounded pride, it also suggests that Cassius feels misunderstood and wants to clarify the situation.

Overall, Cassius's responses reveal a thoughtful and calculating individual who weighs options carefully, prioritizes strategy over emotion, and is sensitive to the opinions and actions of others.",1,1,Hallucinates: stabs are not described or implied.
24,What does Brutus do when he sees the battle is lost?,He kills himself,"When Brutus sees that the battle is lost, he does not explicitly state his intentions or reactions in the provided sources. However, we can infer some actions from his dialogue with Cassius and others.

In SOURCE[1], Brutus seems to be contemplating the possibility of defeat and its consequences. He is likely reflecting on the gravity of their situation and considering what steps they should take next.

In SOURCE[2], Brutus enters with other characters, but there is no explicit mention of his reaction to the battle's outcome. It appears that he may be preparing for a confrontation or seeking information about the situation.

In SOURCE[3], Cassius tasks one of their companions with informing Octavius about the outcome of the battle and the state of Rome. This implies that Brutus is not directly involved in this action, but rather allows someone else to communicate with Octavius on his behalf.

In SOURCE[4], Brutus says farewell to Cassius, indicating a sense of finality or separation. He does not explicitly mention the outcome of the battle, but his words suggest that he may be preparing for a new stage in his life.

Finally, in SOURCE[5], we see that Brutus is likely planning his next move, as Cinna and Casca plan to visit him at his house. This implies that Brutus is still active and engaged, even in the aftermath of defeat.

In summary, while Brutus's specific actions or reactions to the battle's outcome are not explicitly stated in the provided sources, he seems to be contemplating their situation, preparing for a new stage, and planning his next move.",1,1,"No suicide mentioned, misses ideal."
25,What does Antony call Brutus at the end?,The noblest Roman of them all,"At the end of the play, Antony refers to Brutus as ""noble"" [SOURCE[5]].",2,3,"‘Noble’ cited, but not ‘the noblest Roman of them all.’"
26,What is Cassius afraid of and why in act 3 scene 1 and How does Brutus reassure Cassius?,"Cassius feared that their plan had been revealed to Caesar. This was because Popilius had wished him success in his enterprise that day. Brutus tells Cassius that Popilius Lena was not speaking to Caesar about the enterprise as he was smiling, and Caesar’s expression had not changed.","In Act 3, Scene 1 of Julius Caesar, Cassius expresses fear about Caesar's growing popularity and the possibility that he might become king. Specifically, in SOURCE [2], Cassius says, ""What means this shouting? I do fear the people / Choose Caesar for their king."" This suggests that Cassius is afraid of the masses' potential to make Caesar their ruler.

Cassius's fears are further exacerbated by his perception of Caesar's character. In SOURCE [1], he describes Caesar as a great observer, who reads much and looks through the deeds of men. Cassius believes that Caesar loves no plays, hears no music, and rarely smiles, implying that Caesar is not easily moved or swayed. This makes Cassius fear that Caesar might be a more formidable leader than previously thought.

In this same scene (SOURCE [1]), Brutus reassures Cassius by acknowledging his concerns and offering words of comfort. He tells Cassius to speak his griefs softly, knowing him well, and invites him to share his worries in private. This gesture suggests that Brutus is willing to listen to Cassius's fears and address them together.

In SOURCE [4], we see Brutus again reassuring Cassius during a tumultuous moment. When Cassius is worried about the consequences of their actions, Brutus urges him to ""Speak your griefs softly"" and promises to give him audience in his tent. This offer of private counsel implies that Brutus is committed to understanding and addressing Cassius's concerns.

Ultimately, Brutus's reassurances help to soothe Cassius's fears and reinforce their bond as conspirators.",1,1,"Misses Popilius scene, only vague ambition."
27,What do the words ‘redress’ and ‘puissant’ mean? Why does Metellus kneel before Caesar?,"‘Redress’ means to correct or rectify. ‘puissant’ means most powerful or mighty. Metellus kneels before Caesar to present a petition for recalling his brother, Publius Cimber, from exile.","A most excellent question!

The words ""redress"" and ""puissant"" are crucial to understanding the context in which Metellus kneels before Caesar.

To begin with, ""redress"" [SOURCE[1], 35] means to correct or rectify a wrong or injustice. In this scene, Metellus asks Caesar what is amiss that requires redress, implying that some issue needs attention and resolution.

Now, let's turn our attention to ""puissant"". This adjective [SOURCE[1], 97] means powerful, mighty, or having great strength or authority. When Metellus addresses Caesar as the most high, mighty, and puissant Caesar, he is acknowledging Caesar's supreme power and authority in Rome.

With these meanings in mind, we can now consider why Metellus kneels before Caesar. As a loyal senator and brother of Cimber, Metellus likely seeks to appeal to Caesar's sense of justice and fairness. By kneeling, Metellus demonstrates his humility and respect for Caesar's power, hoping that Caesar will ""redress"" the wrong done to his brother by decreeing his banishment.

In this context, Metellus' words are not simply a formality or an attempt to curry favor with Caesar. Rather, they reflect his genuine concern for justice and fairness in Rome, as well as his loyalty to his family and his willingness to seek redress through legitimate means.

I hope this answers your question!",3,3,Gives word meanings and the scene context.
28,Which qualities of Caesar does Brutus mention? How does he react to each of these traits?," Brutus maintains a consistent pattern where he presents Caesar's action and then his own reaction. He said that since he loved Caesar, he wept for him. As Caesar was fortunate, he rejoiced at it; as he was valiant, Brutus honoured him but as he was ambitious, he slew him. Brutus says these things to further reinforce his claim of loving Caesar.","In Act 3, Scene 2 of Julius Caesar, Brutus mentions several qualities of Caesar, including ambition, honor, and loving nature. He reacts to each of these traits by questioning their legitimacy.

Firstly, Brutus notes that Caesar was ambitious, which he believes is a grievous fault (lines 88-90). He suggests that this ambition did not manifest in noble actions, as Caesar wept when the poor cried out (lines 99-100). This implies that Caesar's ambition was self-serving and not driven by a desire to help others.

Secondly, Brutus refers to Caesar's honor, stating that he is an honorable man (line 90) and that he has brought many captives home to Rome, filling the general coffers with their ransoms (lines 93-94). However, Brutus also questions whether this was truly a demonstration of ambition or simply a natural result of Caesar's position as leader.

Thirdly, Brutus mentions Caesar's loving nature, recalling that he has wept when the poor have cried out and thrice refused a kingly crown on the Lupercal (lines 101-106). This serves to humanize Caesar and challenge the notion that his ambition is solely self-serving. Nonetheless, Brutus still emphasizes that Caesar's actions were motivated by personal gain rather than a desire to benefit others.

Ultimately, Brutus's reaction to these traits of Caesar is one of skepticism and criticism. He believes that Caesar's actions were driven more by self-interest than a desire to serve the greater good.",2,2,"Covers ambition/honor/love, but lacks structure of Brutus’s response."
29,What questions do the frenzied citizens ask Cinna? What do they reveal about the situation?,"The citizens asked Cinna, what was his name? Where was he going? Where did he dwell? and if he was a married man or a bachelor. These rapid questions, each one giving no time for an answer, reveal the restless and dangerous mood of the plebeians.","According to SOURCE [3], the frenzied citizens ask Cinna a series of questions: ""What is your name? / Whither are you going? / Where do I dwell? / Am I a married man or a bachelor?"" (lines 5-10). They then proceed to demand brief and direct answers, emphasizing brevity and wisdom.

The questions reveal that the citizens are suspicious and hostile towards Cinna. They want to know his name, where he's going, and what his relationship status is. The repetition of ""briefly"" and ""wisely"" (lines 15-20) suggests that they're looking for a quick and straightforward response, which may imply that they're seeking confirmation or suspicion about his identity.

Cinna answers their questions directly and briefly, stating he's a bachelor and going to Caesar's funeral as a friend. However, the citizens are not satisfied with these responses and become violent, tearing him apart despite his protests that he is not Cinna the conspirator (lines 25-40).

This scene highlights the chaos and hysteria that has engulfed Rome after Caesar's assassination, where even innocent bystanders like Cinna can be mistaken for participants in the conspiracy.",3,3,Identifies all questions & reveals danger.
30,How did Portia die?,"Portia became impatient of Brutus’ absence and she was grieved by the fact that Octavius with Mark Antony have made themselves so strong for which filled with despair. She got distracted and when her attendants were absent, she swallowed fire thus killing herself.","According to the sources provided, Portia dies by swallowing fire while in a distracted state, likely due to grief and emotional distress [SOURCE[3], lines 175-180]. This tragic event occurs when she is alone without her attendants, suggesting that her death may be a result of her intense emotions and mental turmoil.

It's also worth noting that the exact cause of Portia's death is not explicitly stated in the sources, leaving room for interpretation. Nevertheless, it is clear that her death is a direct consequence of her overwhelming grief and sense of loss [SOURCE[3], lines 175-180].

In contrast, other characters such as Cassius and Brutus are more concerned with their own mortality than Portia's death, emphasizing the significance of her passing [SOURCE[1], SOURCE[2]]. The overall tone surrounding Portia's death is one of shock, grief, and devastation, highlighting its profound impact on those who knew her.",3,3,"Fire (hot coals/embers), despair, accurately described."
31,How does the motif of omens and portents influence the decisions of the main characters in Julius Caesar?,"Omens and portents play a crucial role throughout the play, frequently warning characters of impending danger. Despite numerous warnings—including the soothsayer’s advice to beware the Ides of March and Calpurnia’s ominous dreams—Caesar ultimately ignores them, demonstrating a mixture of arrogance and fate-defiance. For other characters like Casca and Calpurnia, these supernatural signs are causes for fear and caution, but their influence is often overridden by persuasion or personal ambition. The continual presence of omens builds dramatic tension and foreshadows the tragic events to come.","The motif of omens and portents in Julius Caesar plays a significant role in shaping the decisions of the main characters, particularly Brutus and Cassius.

In Act 2, Scene 1, Cassius argues that Caesar's potential for greatness is a threat to Rome's stability [SOURCE[2], 10-20]. He suggests that Caesar's ambition will lead him to abandon reason and become tyrannical. This fear is fueled by the soothsayer's warning about the ""ides of March"" [SOURCE[4]], which seems to foreshadow Caesar's assassination.

Brutus, in particular, is influenced by these omens and portents. He believes that Caesar's potential for greatness poses a threat to Rome's freedom, and that his own honor requires him to take action [SOURCE[5], 320-330]. Brutus sees the soothsayer's warning as confirmation of his own suspicions about Caesar's ambition and decides to take steps to prevent Caesar from becoming a tyrant. He plans to spread rumors and doubts among the people, hoping to undermine Caesar's authority and ultimately bring him down [SOURCE[5], 330-335].

The motif of omens and portents also affects Brutus's own sense of morality and rationality. He is torn between his loyalty to Caesar and his duty to Rome, and the supernatural warnings reinforce his concerns about Caesar's intentions. This inner conflict is evident in Brutus's soliloquy, where he questions whether he can resist Caesar's charm and remain true to his own honor [SOURCE[5], 320-330].

In conclusion, the motif of omens and portents in Julius Caesar serves as a catalyst for the main characters' decisions. The supernatural warnings reinforce their fears about Caesar's ambition and prompt them to take action against him. For Brutus, in particular, these omens serve as a moral compass, guiding his actions and influencing his ultimate decision to assassinate Caesar.

References:

[1] Act 1, Scene 2

[2] Act 2, Scene 1

[3] Act 4, Scene 8

[4] Act 1, Scene 2

[5] Act 1, Scene 3",2,2,"Covers omens’ general effect, but personalized too much and got details off."
32,Compare Brutus’s and Cassius’s motivations for joining the conspiracy. How do their personal philosophies differ?,"Brutus is guided by his sense of honor and a belief in the greater good of Rome; he joins the conspiracy not out of personal animosity but from a fear that Caesar’s ambition may threaten the Republic. Cassius, in contrast, is motivated by personal grievances and envy, resenting Caesar’s power and influence. While Brutus acts from philosophical and moral principles, Cassius’s actions are rooted in practical politics and self-interest, which often leads to tension between them.","Brutus and Cassius's motivations for joining the conspiracy against Julius Caesar differ in their personal philosophies and approaches.

Cassius's primary motivation is his perceived injustice and personal loss due to Caesar's rise to power [SOURCE 1]. He sees himself as a reflection of Caesar's ambition, which he believes has destroyed Rome's traditional values. Cassius is driven by a sense of self-preservation and a desire to restore the Republic's honor.

In contrast, Brutus's motivation stems from his commitment to preserving the Roman Republic's values and traditions [SOURCE 3]. He sees Caesar as a threat to these principles, believing that Caesar's ambition has corrupted Rome. Brutus is driven by a sense of duty and responsibility to protect the state, rather than personal gain or loss.

Their philosophies also differ in their approaches to power and authority. Cassius is cynical about the corrupting influence of power [SOURCE 2], while Brutus believes that honor and virtue can be maintained even with great power [SOURCE 4]. This difference in perspective leads them to have different views on Caesar's character, with Cassius seeing him as a tyrant and Brutus viewing him as an ambitious but ultimately flawed individual.

Overall, the motivations of Brutus and Cassius reflect their distinct personalities and values. While both are driven by concerns about the future of Rome, their differing philosophies lead them to different conclusions about Caesar's character and the need for his assassination.",3,3,Clearly distinguishes philosophy/motivations.
33,What is the significance of Mark Antony’s funeral speech in shaping public opinion?,"Mark Antony’s funeral speech is pivotal in turning the Roman populace against the conspirators. Using rhetorical devices like irony and emotional appeal, Antony undermines Brutus’s justification for Caesar’s assassination while ostensibly praising his honor. By highlighting Caesar’s virtues and reading his will, Antony sways the crowd, inciting them to riot and seek revenge. The speech underscores the power of language and persuasion in political life.","Mark Antony's funeral speech in Julius Caesar has significant implications for shaping public opinion. Through his eloquent oration, Antony skillfully manipulates the crowd's emotions to transform their perception of Caesar's death from a tragic assassination to a martyrdom.

Initially, Brutus and Cassius are hesitant to allow Antony to speak at Caesar's funeral, recognizing the potential impact it could have on public opinion [SOURCE 1]. However, they ultimately consent, acknowledging that permitting Antony to speak would actually benefit them more than harm [SOURCE 3].

Antony takes full advantage of this opportunity, delivering a speech that is both eulogistic and incendiary. He presents Caesar as a noble and just leader who was brutally murdered by Brutus and Cassius, thereby stirring the crowd's emotions and sympathy for the fallen Caesar [SOURCE 4]. By emphasizing Caesar's virtues and accomplishments, Antony effectively portrays the conspirators as power-hungry and ruthless, which further solidifies his own reputation as a devoted friend and ally of Caesar.

The significance of Antony's speech lies in its ability to shift public opinion. Prior to his oration, many Romans might have seen Caesar's death as a necessary act of political cleansing. However, Antony's words humanize Caesar, making him appear more likeable and deserving of mourning. This reevaluation of Caesar's character ultimately sets the stage for the tragic events that unfold in the play.

In conclusion, Mark Antony's funeral speech is crucial in shaping public opinion by transforming Caesar's assassination into a martyrdom. Through his masterful use of rhetoric, Antony skillfully manipulates the crowd's emotions, setting the stage for the devastating consequences that follow [SOURCE 5].",3,3,Rhetoric/inciting/swaying crowd: fully cited.
34,"Why does Brutus ultimately decide to take his own life, and how do other characters react to his death?","Brutus chooses suicide over capture and disgrace after realizing that defeat in battle is inevitable and that his idealistic vision for Rome has failed. He views his actions as a final assertion of agency and honor. In death, both his friends and enemies recognize his nobility; Mark Antony famously calls him “the noblest Roman of them all,” paying respect to the purity of Brutus’s motives compared to the other conspirators.","Brutus decides to take his own life in order to escape the shame and dishonor that would come with being captured alive by Mark Antony and Octavius ( SOURCE[4] ). This decision is a culmination of Brutus's tragic flaws, including his impulsiveness and sense of honor.

Throughout the play, Brutus has struggled with the consequences of his actions. He is haunted by the ghost of Caesar and wracked with guilt over the murder. His friend Cassius's death has also taken a toll on him ( SOURCE[3] ). In this state of distress, Brutus realizes that he would rather die than face the shame of being captured alive.

The other characters react to Brutus's death with a mix of emotions. Octavius and Antony are overjoyed at having finally defeated their enemy, while Cassius's spirit is somber and reflective ( SOURCE[5] ). The character of Lucilius, who dies alongside Brutus, is remembered as a brave warrior ( SOURCE[2] ).

Ultimately, Brutus's decision to take his own life serves as a poignant reminder of the devastating consequences of his actions. His tragic flaw, combined with the chaos and destruction caused by Caesar's assassination, leads to a sense of despair and hopelessness that pervades the play's final scenes.",2,2,"Reasoning/context OK, but enemy reaction not described."
35, How does Shakespeare use irony in the relationship between Caesar and his closest supporters?,"Shakespeare employs dramatic and situational irony in depicting Caesar's trust in his friends. Despite multiple warnings and his wife's anxieties, Caesar confidently attends the Senate, surrounded by those he believes loyal—including Brutus. The deepest irony is that these very supporters, whom Caesar trusts most, turn out to be conspirators in his murder. The audience is aware of the plot against Caesar, heightening the tragic effect of his misplaced trust.","In the relationship between Caesar and his closest supporters, Shakespeare employs irony to highlight the complexities of their relationships and the consequences of their actions.

In [SOURCE 1], Brutus expresses his concern about Caesar's ambition, yet he himself is shown to be capable of self-interested manipulation, as seen in his willingness to ""entreat"" Caesar not to take further action. This subtle irony suggests that both characters are aware of each other's flaws and motivations, but choose to overlook them in their pursuit of power.

In [SOURCE 2], Cassius's admission of his own forgetfulness due to his ""rash humor"" is met with Brutus's understanding response, implying a deep familiarity between the two men. However, this familiarity also serves as a reminder that even the closest friends and allies can be driven by their own self-interest, leading to devastating consequences.

The most striking example of irony in the relationship between Caesar and his supporters is found in [SOURCE 3]. Mark Antony's eulogy for Caesar reveals the depth of his friendship with Brutus, yet also highlights the stark contrast between their views on Caesar's ambition. While Brutus sees Caesar as a flawed leader who must be eliminated, Mark Antony portrays him as a selfless and just ruler. This irony underscores the conflicting loyalties and motivations that exist among the characters, ultimately leading to the downfall of Julius Caesar.

Finally, in [SOURCE 4], Brutus's aside reveals his own conflicted emotions about Caesar, demonstrating that even the most seemingly devoted supporters can harbor doubts and reservations. This internal struggle mirrors the external conflicts between the characters, illustrating the complexity of human relationships and the blurred lines between loyalty and betrayal.

Throughout these scenes, Shakespeare masterfully employs irony to expose the intricate web of relationships and motivations that drive the plot of Julius Caesar. By highlighting the contradictions and ambiguities within each character's actions and emotions, he creates a rich tapestry of dramatic tension, ultimately underscoring the tragic consequences of their choices.",2,2,"Cites some irony, but misses audience perspective of betrayal."
